Best Movies of 2018|Chris Stuckmann|2018|Hereditary|1
Best Movies of 2018|Chris Stuckmann|2018|Mission: Impossible â€“ Fallout|2
Best Movies of 2018|Chris Stuckmann|2018|Annihilation|3
Best Movies of 2018|Chris Stuckmann|2018|Blindspotting|4
Best Movies of 2018|Chris Stuckmann|2018|Spider-Man: Into the Spider-Verse|5
Best Movies of 2018|Chris Stuckmann|2018|Green Book|6
Best Movies of 2018|Chris Stuckmann|2018|Avengers: Infinity War|7
Best Movies of 2018|Chris Stuckmann|2018|A Star is Born|8
Best Movies of 2018|Chris Stuckmann|2018|Paddington 2|9
Best Movies of 2018|Chris Stuckmann|2018|Burning|10
