50 movies of the 2000s to see before you die|Chris Stuckmann|2000|American Psycho|
50 movies of the 2000s to see before you die|Chris Stuckmann|2000|Memento|
50 movies of the 2000s to see before you die|Chris Stuckmann|2000|Unbreakable|
50 movies of the 2000s to see before you die|Chris Stuckmann|2000|Crouching Tiger, Hidden Dragon|
50 movies of the 2000s to see before you die|Chris Stuckmann|2002|Spirited Away|
50 movies of the 2000s to see before you die|Chris Stuckmann|2001|Donnie Darko|
50 movies of the 2000s to see before you die|Chris Stuckmann|2001|Ocean's Eleven|
50 movies of the 2000s to see before you die|Chris Stuckmann|2002|Minority Report|
50 movies of the 2000s to see before you die|Chris Stuckmann|2002|Signs|
50 movies of the 2000s to see before you die|Chris Stuckmann|2003|X2: X-Men United|
50 movies of the 2000s to see before you die|Chris Stuckmann|2003|Pirates of the Caribbean: The Curse of the Black Pearl|
50 movies of the 2000s to see before you die|Chris Stuckmann|2003|The Last Samurai|
50 movies of the 2000s to see before you die|Chris Stuckmann|2003|Old Boy|
50 movies of the 2000s to see before you die|Chris Stuckmann|2003|The Lord of the Rings: The Return of the King|
50 movies of the 2000s to see before you die|Chris Stuckmann|2004|Spider-Man 2|
50 movies of the 2000s to see before you die|Chris Stuckmann|2004|Collateral|
50 movies of the 2000s to see before you die|Chris Stuckmann|2004|The Incredibles|
50 movies of the 2000s to see before you die|Chris Stuckmann|2004|Shaun of the Dead|
50 movies of the 2000s to see before you die|Chris Stuckmann|2005|A History of Violence|
50 movies of the 2000s to see before you die|Chris Stuckmann|2005|Kiss Kiss Bang Bang|
50 movies of the 2000s to see before you die|Chris Stuckmann|2005|Cache|
50 movies of the 2000s to see before you die|Chris Stuckmann|2006|Casino Royale|
50 movies of the 2000s to see before you die|Chris Stuckmann|2006|The Departed|
50 movies of the 2000s to see before you die|Chris Stuckmann|2006|The Bourne Ultimatum|
50 movies of the 2000s to see before you die|Chris Stuckmann|2007|Zodiac|
50 movies of the 2000s to see before you die|Chris Stuckmann|2007|There Will Be Blood|
50 movies of the 2000s to see before you die|Chris Stuckmann|2007|No Country for Old Men|
50 movies of the 2000s to see before you die|Chris Stuckmann|2007|Trick 'r Treat|
50 movies of the 2000s to see before you die|Chris Stuckmann|2008|The Dark Knight|
50 movies of the 2000s to see before you die|Chris Stuckmann|2008|Coraline|
50 movies of the 2000s to see before you die|Chris Stuckmann|2009|(500) Days of Summer|
50 movies of the 2000s to see before you die|Chris Stuckmann|2009|Inglourious Basterds|
50 movies of the 2000s to see before you die|Chris Stuckmann|2009|Inception|
50 movies of the 2000s to see before you die|Chris Stuckmann|2010|Toy Story 3|
50 movies of the 2000s to see before you die|Chris Stuckmann|2011|Drive|
50 movies of the 2000s to see before you die|Chris Stuckmann|2011|Mission: Impossible - Ghost Protocol|
50 movies of the 2000s to see before you die|Chris Stuckmann|2012|The Avengers|
50 movies of the 2000s to see before you die|Chris Stuckmann|2013|Snowpiercer|
50 movies of the 2000s to see before you die|Chris Stuckmann|2013|Prisoners|
50 movies of the 2000s to see before you die|Chris Stuckmann|2014|Captain America: Winter Soldier|
50 movies of the 2000s to see before you die|Chris Stuckmann|2014|Enemy|
50 movies of the 2000s to see before you die|Chris Stuckmann|2014|Under the Skin|
50 movies of the 2000s to see before you die|Chris Stuckmann|2014|Edge of Tomorrow|
50 movies of the 2000s to see before you die|Chris Stuckmann|2014|The Babadook|
50 movies of the 2000s to see before you die|Chris Stuckmann|2014|Birdman|
50 movies of the 2000s to see before you die|Chris Stuckmann|2014|Whiplash|
50 movies of the 2000s to see before you die|Chris Stuckmann|2014|When Marnie Was There|
50 movies of the 2000s to see before you die|Chris Stuckmann|2015|Mad Max: Fury Road|
50 movies of the 2000s to see before you die|Chris Stuckmann|2015|Creed|
50 movies of the 2000s to see before you die|Chris Stuckmann|2015|Star Wars: Episode VII â€“ the Force Awakens|